"b'Country,Other'",b'TotalCases',b'NewCases',b'TotalDeaths',b'NewDeaths',b'TotalRecovered',b'ActiveCases',"b'Serious,Critical'",b'Tot\xc2\xa0Cases/1M pop',b'Deaths/1M pop',b'TotalTests',b'Tests/\n1M pop\n',b'Continent'
b'Europe',"b'1,480,488'","b'+10,577'","b'142,273'",b'+130',"b'559,725'","b'778,490'","b'16,957'",b'',b'',b'',b'',b'Europe'
b'Asia',"b'574,305'","b'+1,466'","b'20,097'",b'+19',"b'305,482'","b'248,726'","b'5,290'",b'',b'',b'',b'',b'Asia'
b'South America',"b'224,738'",b'+464',"b'11,298'",b'+30',"b'78,397'","b'135,043'","b'9,938'",b'',b'',b'',b'',b'South America'
b'Africa',"b'48,081'",b'+6',"b'1,848'",b'',"b'16,231'","b'30,002'",b'129',b'',b'',b'',b'',b'Africa'
b'Oceania',"b'8,435'",b'+21',b'116',b'+1',"b'7,280'","b'1,039'",b'30',b'',b'',b'',b'',b'Australia/Oceania'
b'',b'721',b'',b'15',b'',b'645',b'61',b'4',b'',b'',b'',b'',b''
b'World',"b'3,657,733'","b'+14,462'","b'252,548'",b'+307',"b'1,202,735'","b'2,202,450'","b'49,645'",b'469',b'32.4',b'',b'',b'All'
b'USA',"b'1,212,955'",b'+120',"b'69,925'",b'+4',"b'188,068'","b'954,962'","b'16,050'","b'3,664'",b'211',"b'7,462,597'","b'22,545'",b'North America'
b'Spain',"b'248,301'",b'',"b'25,428'",b'',"b'151,633'","b'71,240'","b'2,254'","b'5,311'",b'544',"b'1,932,455'","b'41,332'",b'Europe'
b'Italy',"b'211,938'",b'',"b'29,079'",b'',"b'82,879'","b'99,980'","b'1,479'","b'3,505'",b'481',"b'2,191,403'","b'36,244'",b'Europe'
b'UK',"b'190,584'",b'',"b'28,734'",b'',b'N/A',"b'161,506'","b'1,559'","b'2,807'",b'423',"b'1,291,591'","b'19,026'",b'Europe'
b'France',"b'169,462'",b'',"b'25,201'",b'',"b'51,371'","b'92,890'","b'3,696'","b'2,596'",b'386',"b'1,100,228'","b'16,856'",b'Europe'
b'Germany',"b'166,152'",b'',"b'6,993'",b'',"b'135,100'","b'24,059'","b'1,949'","b'1,983'",b'83',"b'2,547,052'","b'30,400'",b'Europe'
b'Russia',"b'155,370'","b'+10,102'","b'1,451'",b'+95',"b'19,865'","b'134,054'","b'2,300'","b'1,065'",b'10',"b'4,460,357'","b'30,564'",b'Europe'
b'Turkey',"b'127,659'",b'',"b'3,461'",b'',"b'68,166'","b'56,032'","b'1,384'","b'1,514'",b'41',"b'1,171,138'","b'13,886'",b'Asia'
b'Brazil',"b'108,620'",b'+354',"b'7,367'",b'+24',"b'45,815'","b'55,438'","b'8,318'",b'511',b'35',"b'339,552'","b'1,597'",b'South America'
b'Iran',"b'98,647'",b'',"b'6,277'",b'',"b'79,379'","b'12,991'","b'2,676'","b'1,174'",b'75',"b'508,288'","b'6,052'",b'Asia'
b'Canada',"b'60,772'",b'',"b'3,854'",b'',"b'26,017'","b'30,901'",b'557',"b'1,610'",b'102',"b'919,368'","b'24,359'",b'North America'
b'Belgium',"b'50,267'",b'',"b'7,924'",b'',"b'12,378'","b'29,965'",b'655',"b'4,337'",b'684',"b'440,700'","b'38,025'",b'Europe'
b'Peru',"b'47,372'",b'',"b'1,344'",b'',"b'14,427'","b'31,601'",b'694',"b'1,437'",b'41',"b'385,492'","b'11,692'",b'South America'
b'India',"b'46,476'",b'+39',"b'1,571'",b'+5',"b'12,849'","b'32,056'",b'',b'34',b'1',"b'1,191,946'",b'864',b'Asia'
b'Netherlands',"b'40,770'",b'',"b'5,082'",b'',b'N/A',"b'35,438'",b'683',"b'2,379'",b'297',"b'235,909'","b'13,768'",b'Europe'
b'Ecuador',"b'31,881'",b'',"b'1,569'",b'',"b'3,433'","b'26,879'",b'159',"b'1,807'",b'89',"b'80,171'","b'4,544'",b'South America'
b'Switzerland',"b'29,981'",b'',"b'1,784'",b'',"b'25,200'","b'2,997'",b'141',"b'3,464'",b'206',"b'282,750'","b'32,670'",b'Europe'
b'Saudi Arabia',"b'28,656'",b'',b'191',b'',"b'4,476'","b'23,989'",b'143',b'823',b'5',"b'365,093'","b'10,487'",b'Asia'
b'Portugal',"b'25,524'",b'',"b'1,063'",b'',"b'1,712'","b'22,749'",b'143',"b'2,503'",b'104',"b'450,000'","b'44,132'",b'Europe'
b'Mexico',"b'24,905'","b'+1,434'","b'2,271'",b'+117',"b'15,938'","b'6,696'",b'378',b'193',b'18',"b'100,041'",b'776',b'North America'
b'Sweden',"b'22,721'",b'',"b'2,769'",b'',"b'4,074'","b'15,878'",b'455',"b'2,250'",b'274',"b'119,500'","b'11,833'",b'Europe'
b'Ireland',"b'21,772'",b'',"b'1,319'",b'',"b'13,386'","b'7,067'",b'93',"b'4,409'",b'267',"b'169,377'","b'34,302'",b'Europe'
b'Pakistan',"b'21,501'",b'+560',b'486',b'+10',"b'5,782'","b'15,233'",b'111',b'97',b'2',"b'222,404'","b'1,007'",b'Asia'
b'Chile',"b'20,643'",b'',b'270',b'',"b'10,415'","b'9,958'",b'464',"b'1,080'",b'14',"b'214,131'","b'11,202'",b'South America'
b'Singapore',"b'19,410'",b'+632',b'18',b'',"b'1,457'","b'17,935'",b'22',"b'3,318'",b'3',"b'143,919'","b'24,600'",b'Asia'
b'Belarus',"b'17,489'",b'',b'103',b'',"b'3,259'","b'14,127'",b'92',"b'1,851'",b'11',"b'211,369'","b'22,369'",b'Europe'
b'Israel',"b'16,246'",b'',b'235',b'',"b'10,064'","b'5,947'",b'70',"b'1,877'",b'27',"b'404,285'","b'46,708'",b'Asia'
b'Qatar',"b'16,191'",b'',b'12',b'',"b'1,810'","b'14,369'",b'72',"b'5,620'",b'4',"b'106,795'","b'37,068'",b'Asia'
b'Austria',"b'15,621'",b'',b'600',b'',"b'13,316'","b'1,705'",b'111',"b'1,734'",b'67',"b'279,071'","b'30,986'",b'Europe'
b'Japan',"b'15,078'",b'',b'536',b'',"b'4,156'","b'10,386'",b'328',b'119',b'4',"b'184,586'","b'1,459'",b'Asia'
b'UAE',"b'14,730'",b'',b'137',b'',"b'2,966'","b'11,627'",b'1',"b'1,489'",b'14',"b'1,200,000'","b'121,330'",b'Asia'
b'Poland',"b'14,006'",b'',b'698',b'',"b'4,280'","b'9,028'",b'160',b'370',b'18',"b'383,804'","b'10,141'",b'Europe'
b'Romania',"b'13,512'",b'',b'827',b'+9',"b'5,269'","b'7,416'",b'243',b'702',b'43',"b'199,068'","b'10,348'",b'Europe'
b'Ukraine',"b'12,697'",b'+366',b'316',b'+13',"b'1,875'","b'10,506'",b'167',b'290',b'7',"b'139,759'","b'3,196'",b'Europe'
b'Indonesia',"b'11,587'",b'',b'864',b'',"b'1,954'","b'8,769'",b'',b'42',b'3',"b'116,861'",b'427',b'Asia'
b'S. Korea',"b'10,804'",b'+3',b'254',b'+2',"b'9,283'","b'1,267'",b'55',b'211',b'5',"b'640,237'","b'12,488'",b'Asia'
b'Bangladesh',"b'10,143'",b'',b'182',b'',"b'1,209'","b'8,752'",b'1',b'62',b'1',"b'87,694'",b'532',b'Asia'
b'Denmark',"b'9,670'",b'',b'493',b'',"b'7,088'","b'2,089'",b'57',"b'1,669'",b'85',"b'244,791'","b'42,262'",b'Europe'
b'Serbia',"b'9,557'",b'',b'197',b'',"b'1,574'","b'7,786'",b'53',"b'1,094'",b'23',"b'106,461'","b'12,185'",b'Europe'
b'Philippines',"b'9,485'",b'',b'623',b'',"b'1,315'","b'7,547'",b'31',b'87',b'6',"b'126,164'","b'1,151'",b'Asia'
b'Dominican Republic',"b'8,235'",b'',b'346',b'',"b'1,771'","b'6,118'",b'144',b'759',b'32',"b'33,377'","b'3,077'",b'North America'
b'Colombia',"b'7,973'",b'',b'358',b'',"b'1,807'","b'5,808'",b'120',b'157',b'7',"b'123,029'","b'2,418'",b'South America'
b'Norway',"b'7,904'",b'',b'214',b'',b'32',"b'7,658'",b'27',"b'1,458'",b'39',"b'182,285'","b'33,624'",b'Europe'
b'Czechia',"b'7,841'",b'+22',b'252',b'',"b'3,816'","b'3,773'",b'59',b'732',b'24',"b'269,093'","b'25,128'",b'Europe'
b'Panama',"b'7,387'",b'+190',b'203',b'+3',b'726',"b'6,458'",b'93',"b'1,712'",b'47',"b'35,556'","b'8,241'",b'North America'
b'South Africa',"b'7,220'",b'',b'138',b'',"b'2,746'","b'4,336'",b'36',b'122',b'2',"b'257,541'","b'4,342'",b'Africa'
b'Australia',"b'6,847'",b'+22',b'96',b'+1',"b'5,886'",b'865',b'28',b'269',b'4',"b'662,392'","b'25,976'",b'Australia/Oceania'
b'Egypt',"b'6,813'",b'',b'436',b'',"b'1,632'","b'4,745'",b'',b'67',b'4',"b'90,000'",b'879',b'Africa'
b'Malaysia',"b'6,353'",b'',b'105',b'',"b'4,484'","b'1,764'",b'28',b'196',b'3',"b'205,598'","b'6,352'",b'Asia'
b'Finland',"b'5,327'",b'',b'240',b'',"b'3,500'","b'1,587'",b'49',b'961',b'43',"b'103,500'","b'18,680'",b'Europe'
b'Kuwait',"b'5,278'",b'',b'40',b'',"b'1,947'","b'3,291'",b'79',"b'1,236'",b'9',"b'196,397'","b'45,988'",b'Asia'
b'Morocco',"b'5,053'",b'',b'179',b'',"b'1,653'","b'3,221'",b'1',b'137',b'5',"b'45,302'","b'1,227'",b'Africa'
b'Argentina',"b'4,887'",b'',b'260',b'',"b'1,442'","b'3,185'",b'157',b'108',b'6',"b'67,920'","b'1,503'",b'South America'
b'Algeria',"b'4,648'",b'',b'465',b'',"b'1,998'","b'2,185'",b'22',b'106',b'11',"b'6,500'",b'148',b'Africa'
b'Moldova',"b'4,248'",b'',b'132',b'',"b'1,423'","b'2,693'",b'237',"b'1,053'",b'33',"b'20,447'","b'5,069'",b'Europe'
b'Kazakhstan',"b'4,121'",b'+72',b'29',b'',"b'1,173'","b'2,919'",b'40',b'219',b'2',"b'320,411'","b'17,064'",b'Asia'
b'Luxembourg',"b'3,828'",b'',b'96',b'',"b'3,405'",b'327',b'21',"b'6,115'",b'153',"b'48,339'","b'77,222'",b'Europe'
b'Bahrain',"b'3,533'",b'',b'8',b'',"b'1,744'","b'1,781'",b'1',"b'2,076'",b'5',"b'149,586'","b'87,910'",b'Asia'
b'Hungary',"b'3,065'",b'+30',b'363',b'+12',b'709',"b'1,993'",b'55',b'317',b'38',"b'85,557'","b'8,857'",b'Europe'
b'Thailand',"b'2,988'",b'+1',b'54',b'',"b'2,747'",b'187',b'61',b'43',b'0.8',"b'227,860'","b'3,264'",b'Asia'
b'Afghanistan',"b'2,894'",b'',b'90',b'',b'397',"b'2,407'",b'7',b'74',b'2',"b'11,068'",b'284',b'Asia'
b'Nigeria',"b'2,802'",b'',b'93',b'',b'417',"b'2,292'",b'4',b'14',b'0.5',"b'18,536'",b'90',b'Africa'
b'Ghana',"b'2,719'",b'',b'18',b'',b'294',"b'2,407'",b'4',b'88',b'0.6',"b'129,461'","b'4,166'",b'Africa'
b'Oman',"b'2,637'",b'',b'12',b'',b'816',"b'1,809'",b'17',b'516',b'2',"b'40,459'","b'7,923'",b'Asia'
b'Greece',"b'2,632'",b'',b'146',b'',"b'1,374'","b'1,112'",b'35',b'253',b'14',"b'80,951'","b'7,767'",b'Europe'
b'Armenia',"b'2,619'",b'+112',b'40',b'+1',"b'1,111'","b'1,468'",b'10',b'884',b'13',"b'25,846'","b'8,722'",b'Asia'
b'Iraq',"b'2,346'",b'',b'98',b'',"b'1,544'",b'704',b'',b'58',b'2',"b'107,586'","b'2,675'",b'Asia'
b'Uzbekistan',"b'2,189'",b'',b'10',b'',"b'1,405'",b'774',b'8',b'65',b'0.3',"b'325,000'","b'9,710'",b'Asia'
b'Cameroon',"b'2,104'",b'',b'64',b'',b'953',"b'1,087'",b'12',b'79',b'2',b'',b'',b'Africa'
b'Croatia',"b'2,101'",b'',b'80',b'',"b'1,522'",b'499',b'15',b'512',b'19',"b'39,040'","b'9,510'",b'Europe'
b'Azerbaijan',"b'1,984'",b'',b'26',b'',"b'1,480'",b'478',b'18',b'196',b'3',"b'157,932'","b'15,576'",b'Asia'
b'Bosnia and Herzegovina',"b'1,926'",b'',b'78',b'',b'855',b'993',b'4',b'587',b'24',"b'34,378'","b'10,478'",b'Europe'
b'Iceland',"b'1,799'",b'',b'10',b'',"b'1,723'",b'66',b'',"b'5,272'",b'29',"b'50,477'","b'147,921'",b'Europe'
b'Estonia',"b'1,711'",b'+8',b'55',b'',b'261',"b'1,395'",b'6',"b'1,290'",b'41',"b'57,423'","b'43,288'",b'Europe'
b'Guinea',"b'1,710'",b'',b'9',b'',b'450',"b'1,251'",b'',b'130',b'0.7',b'',b'',b'Africa'
b'Bulgaria',"b'1,689'",b'+37',b'78',b'',b'342',"b'1,269'",b'37',b'243',b'11',"b'50,303'","b'7,239'",b'Europe'
b'Bolivia',"b'1,681'",b'+87',b'82',b'+6',b'174',"b'1,425'",b'3',b'144',b'7',"b'7,651'",b'655',b'South America'
b'Cuba',"b'1,668'",b'',b'69',b'',b'876',b'723',b'9',b'147',b'6',"b'55,542'","b'4,904'",b'North America'
b'North Macedonia',"b'1,518'",b'',b'85',b'',b'992',b'441',b'21',b'729',b'41',"b'17,359'","b'8,332'",b'Europe'
b'New Zealand',"b'1,486'",b'',b'20',b'',"b'1,302'",b'164',b'',b'308',b'4',"b'155,928'","b'32,335'",b'Australia/Oceania'
b'Slovenia',"b'1,439'",b'',b'97',b'',b'241',"b'1,101'",b'20',b'692',b'47',"b'57,504'","b'27,660'",b'Europe'
b'Ivory Coast',"b'1,432'",b'',b'17',b'',b'693',b'722',b'',b'54',b'0.6',"b'10,778'",b'409',b'Africa'
b'Lithuania',"b'1,423'",b'+4',b'46',b'',b'678',b'699',b'17',b'523',b'17',"b'149,106'","b'54,772'",b'Europe'
b'Slovakia',"b'1,421'",b'+8',b'25',b'',b'741',b'655',b'7',b'260',b'5',"b'99,864'","b'18,291'",b'Europe'
b'Senegal',"b'1,271'",b'',b'10',b'',b'415',b'846',b'6',b'76',b'0.6',"b'17,787'","b'1,062'",b'Africa'
b'Honduras',"b'1,178'",b'+123',b'83',b'+1',b'122',b'973',b'10',b'119',b'8',"b'5,243'",b'529',b'North America'
b'Djibouti',"b'1,116'",b'',b'2',b'',b'713',b'401',b'',"b'1,130'",b'2',"b'14,222'","b'14,395'",b'Africa'
b'Hong Kong',"b'1,041'",b'',b'4',b'',b'900',b'137',b'1',b'139',b'0.5',"b'154,989'","b'20,674'",b'Asia'
b'Tunisia',"b'1,018'",b'',b'43',b'',b'406',b'569',b'18',b'86',b'4',"b'24,853'","b'2,103'",b'Africa'
b'Latvia',b'896',b'',b'17',b'+1',b'348',b'531',b'4',b'475',b'9',"b'66,150'","b'35,071'",b'Europe'
b'Cyprus',b'874',b'',b'15',b'',b'296',b'563',b'15',b'724',b'12',"b'65,725'","b'54,437'",b'Asia'
b'Kyrgyzstan',b'843',b'+13',b'11',b'+1',b'600',b'232',b'13',b'129',b'2',"b'56,488'","b'8,658'",b'Asia'
b'Albania',b'803',b'',b'31',b'',b'543',b'229',b'7',b'279',b'11',"b'9,006'","b'3,129'",b'Europe'
b'Somalia',b'756',b'',b'35',b'',b'61',b'660',b'2',b'48',b'2',b'',b'',b'Africa'
b'Niger',b'755',b'',b'37',b'',b'534',b'184',b'',b'31',b'2',"b'5,309'",b'219',b'Africa'
b'Sri Lanka',b'755',b'+4',b'8',b'',b'194',b'553',b'1',b'35',b'0.4',"b'26,842'","b'1,254'",b'Asia'
b'Andorra',b'750',b'',b'45',b'',b'499',b'206',b'16',"b'9,707'",b'582',"b'1,673'","b'21,653'",b'Europe'
b'Costa Rica',b'742',b'',b'6',b'',b'399',b'337',b'5',b'146',b'1',"b'13,988'","b'2,746'",b'North America'
b'Lebanon',b'740',b'',b'25',b'',b'200',b'515',b'43',b'108',b'4',"b'41,014'","b'6,009'",b'Asia'
b'Guatemala',b'730',b'+27',b'19',b'+2',b'79',b'632',b'5',b'41',b'1',"b'7,200'",b'402',b'North America'
b'Diamond Princess',b'712',b'',b'13',b'',b'645',b'54',b'4',b'',b'',b'',b'',b''
b'Mayotte',b'686',b'',b'6',b'',b'352',b'328',b'6',"b'2,515'",b'22',"b'3,400'","b'12,463'",b'Africa'
b'DRC',b'682',b'',b'34',b'',b'80',b'568',b'',b'8',b'0.4',b'',b'',b'Africa'
b'Sudan',b'678',b'',b'41',b'',b'61',b'576',b'',b'15',b'0.9',b'',b'',b'Africa'
b'Burkina Faso',b'672',b'',b'46',b'',b'545',b'81',b'',b'32',b'2',b'',b'',b'Africa'
b'Uruguay',b'657',b'',b'17',b'',b'447',b'193',b'10',b'189',b'5',"b'22,805'","b'6,565'",b'South America'
b'Georgia',b'604',b'+11',b'9',b'',b'240',b'355',b'6',b'151',b'2',"b'15,904'","b'3,987'",b'Asia'
b'El Salvador',b'587',b'+32',b'13',b'',b'201',b'373',b'3',b'90',b'2',"b'30,387'","b'4,685'",b'North America'
b'San Marino',b'582',b'',b'41',b'',b'86',b'455',b'5',"b'17,152'","b'1,208'","b'2,457'","b'72,412'",b'Europe'
b'Mali',b'580',b'',b'29',b'',b'223',b'328',b'',b'29',b'1',"b'2,172'",b'107',b'Africa'
b'Maldives',b'551',b'+10',b'1',b'',b'17',b'533',b'2',"b'1,019'",b'2',"b'8,327'","b'15,405'",b'Asia'
b'Channel Islands',b'544',b'',b'41',b'',b'406',b'97',b'',"b'3,129'",b'236',"b'5,342'","b'30,725'",b'Europe'
b'Kenya',b'490',b'',b'24',b'',b'173',b'293',b'2',b'9',b'0.4',"b'24,784'",b'461',b'Africa'
b'Tanzania',b'480',b'',b'16',b'',b'167',b'297',b'7',b'8',b'0.3',b'',b'',b'Africa'
b'Malta',b'480',b'',b'4',b'',b'399',b'77',b'1',"b'1,087'",b'9',"b'36,204'","b'81,994'",b'Europe'
b'Jamaica',b'471',b'+2',b'9',b'',b'49',b'413',b'2',b'159',b'3',"b'5,633'","b'1,902'",b'North America'
b'Jordan',b'465',b'',b'9',b'',b'370',b'86',b'5',b'46',b'0.9',"b'87,618'","b'8,587'",b'Asia'
b'Taiwan',b'438',b'',b'6',b'',b'334',b'98',b'',b'18',b'0.3',"b'64,958'","b'2,727'",b'Asia'
b'R\xc3\xa9union',b'424',b'',b'',b'',b'300',b'124',b'2',b'474',b'',b'',b'',b'Africa'
b'Paraguay',b'415',b'+19',b'10',b'',b'130',b'275',b'7',b'58',b'1',"b'10,766'","b'1,509'",b'South America'
b'Guinea-Bissau',b'413',b'',b'1',b'',b'19',b'393',b'',b'210',b'0.5',"b'1,500'",b'762',b'Africa'
b'Gabon',b'367',b'',b'6',b'',b'93',b'268',b'1',b'165',b'3',b'724',b'325',b'Africa'
b'Palestine',b'362',b'',b'2',b'',b'102',b'258',b'',b'71',b'0.4',"b'32,200'","b'6,312'",b'Asia'
b'Venezuela',b'361',b'+4',b'10',b'',b'158',b'193',b'1',b'13',b'0.4',"b'482,953'","b'16,984'",b'South America'
b'Mauritius',b'332',b'',b'10',b'',b'316',b'6',b'3',b'261',b'8',"b'18,959'","b'14,908'",b'Africa'
b'Isle of Man',b'325',b'',b'23',b'',b'271',b'31',b'21',"b'3,822'",b'270',"b'3,401'","b'39,996'",b'Europe'
b'Montenegro',b'323',b'',b'8',b'',b'253',b'62',b'2',b'514',b'13',"b'7,816'","b'12,445'",b'Europe'
b'Equatorial Guinea',b'315',b'',b'3',b'',b'13',b'299',b'',b'225',b'2',b'854',b'609',b'Africa'
b'Vietnam',b'271',b'',b'',b'',b'232',b'39',b'8',b'3',b'',"b'261,004'","b'2,681'",b'Asia'
b'Rwanda',b'261',b'',b'',b'',b'128',b'133',b'',b'20',b'',"b'35,096'","b'2,710'",b'Africa'
b'Congo',b'236',b'',b'10',b'',b'26',b'200',b'',b'43',b'2',b'',b'',b'Africa'
b'Tajikistan',b'230',b'',b'3',b'',b'',b'227',b'',b'24',b'0.3',b'',b'',b'Asia'
b'Faeroe Islands',b'187',b'',b'',b'',b'185',b'2',b'',"b'3,827'",b'',"b'8,066'","b'165,074'",b'Europe'
b'Martinique',b'181',b'',b'14',b'',b'83',b'84',b'5',b'482',b'37',b'',b'',b'North America'
b'Sierra Leone',b'178',b'',b'9',b'',b'37',b'132',b'',b'22',b'1',b'',b'',b'Africa'
b'Cabo Verde',b'175',b'',b'2',b'',b'37',b'136',b'',b'315',b'4',b'791',"b'1,423'",b'Africa'
b'Liberia',b'166',b'',b'18',b'',b'58',b'90',b'',b'33',b'4',b'',b'',b'Africa'
b'Myanmar',b'161',b'',b'6',b'',b'49',b'106',b'',b'3',b'0.1',"b'9,025'",b'166',b'Asia'
b'Guadeloupe',b'152',b'',b'12',b'',b'98',b'42',b'5',b'380',b'30',b'',b'',b'North America'
b'Madagascar',b'149',b'',b'',b'',b'99',b'50',b'1',b'5',b'',"b'3,772'",b'136',b'Africa'
b'Gibraltar',b'144',b'',b'',b'',b'133',b'11',b'',"b'4,274'",b'',"b'2,931'","b'86,997'",b'Europe'
b'Ethiopia',b'140',b'',b'3',b'',b'75',b'62',b'',b'1',b'0.03',"b'24,088'",b'210',b'Africa'
b'Brunei',b'138',b'',b'1',b'',b'131',b'6',b'2',b'315',b'2',"b'14,610'","b'33,396'",b'Asia'
b'Zambia',b'137',b'',b'3',b'',b'78',b'56',b'1',b'7',b'0.2',"b'7,277'",b'396',b'Africa'
b'French Guiana',b'133',b'',b'1',b'',b'100',b'32',b'2',b'445',b'3',b'',b'',b'South America'
b'Togo',b'126',b'',b'9',b'',b'74',b'43',b'',b'15',b'1',"b'7,891'",b'953',b'Africa'
b'Cambodia',b'122',b'',b'',b'',b'120',b'2',b'1',b'7',b'',"b'12,461'",b'745',b'Asia'
b'Chad',b'117',b'',b'10',b'',b'39',b'68',b'',b'7',b'0.6',b'',b'',b'Africa'
b'Trinidad and Tobago',b'116',b'',b'8',b'',b'102',b'6',b'',b'83',b'6',"b'2,055'","b'1,468'",b'North America'
b'Eswatini',b'116',b'',b'1',b'',b'12',b'103',b'',b'100',b'0.9',b'714',b'615',b'Africa'
b'Bermuda',b'115',b'',b'7',b'',b'54',b'54',b'4',"b'1,847'",b'112',"b'3,270'","b'52,507'",b'North America'
b'Haiti',b'100',b'',b'11',b'',b'10',b'79',b'',b'9',b'1.0',"b'1,026'",b'90',b'North America'
b'Aruba',b'100',b'',b'2',b'',b'81',b'17',b'4',b'937',b'19',"b'1,758'","b'16,466'",b'North America'
b'Uganda',b'97',b'',b'',b'',b'55',b'42',b'',b'2',b'',"b'41,478'",b'907',b'Africa'
b'Benin',b'96',b'',b'2',b'',b'50',b'44',b'',b'8',b'0.2',b'',b'',b'Africa'
b'Monaco',b'95',b'',b'4',b'',b'78',b'13',b'1',"b'2,421'",b'102',b'',b'',b'Europe'
b'Guyana',b'92',b'',b'9',b'',b'27',b'56',b'3',b'117',b'11',b'579',b'736',b'South America'
b'CAR',b'85',b'',b'',b'',b'10',b'75',b'',b'18',b'',"b'3,498'",b'724',b'Africa'
b'Bahamas',b'83',b'',b'11',b'',b'25',b'47',b'1',b'211',b'28',"b'1,391'","b'3,537'",b'North America'
b'Barbados',b'82',b'',b'7',b'',b'46',b'29',b'4',b'285',b'24',"b'2,458'","b'8,553'",b'North America'
b'Liechtenstein',b'82',b'',b'1',b'',b'55',b'26',b'',"b'2,151'",b'26',b'900',"b'23,605'",b'Europe'
b'Nepal',b'82',b'+7',b'',b'',b'16',b'66',b'',b'3',b'',"b'64,492'","b'2,213'",b'Asia'
b'Mozambique',b'80',b'',b'',b'',b'19',b'61',b'',b'3',b'',"b'2,466'",b'79',b'Africa'
b'Sint Maarten',b'76',b'',b'13',b'',b'44',b'19',b'7',"b'1,773'",b'303',b'329',"b'7,673'",b'North America'
b'Cayman Islands',b'75',b'',b'1',b'',b'14',b'60',b'3',"b'1,141'",b'15',"b'2,528'","b'38,465'",b'North America'
b'Libya',b'63',b'',b'3',b'',b'23',b'37',b'',b'9',b'0.4',"b'2,338'",b'340',b'Africa'
b'French Polynesia',b'58',b'',b'',b'',b'53',b'5',b'1',b'206',b'',"b'2,665'","b'9,487'",b'Australia/Oceania'
b'South Sudan',b'52',b'+6',b'',b'',b'',b'52',b'',b'5',b'',"b'1,247'",b'111',b'Africa'
b'Macao',b'45',b'',b'',b'',b'39',b'6',b'1',b'69',b'',b'',b'',b'Asia'
b'Syria',b'44',b'',b'3',b'',b'27',b'14',b'',b'3',b'0.2',b'',b'',b'Asia'
b'Malawi',b'41',b'',b'3',b'',b'9',b'29',b'1',b'2',b'0.2',b'907',b'47',b'Africa'
b'Mongolia',b'41',b'+1',b'',b'',b'13',b'28',b'',b'13',b'',"b'8,889'","b'2,711'",b'Asia'
b'Eritrea',b'39',b'',b'',b'',b'26',b'13',b'',b'11',b'',b'',b'',b'Africa'
b'Saint Martin',b'38',b'',b'3',b'',b'29',b'6',b'1',b'983',b'78',b'',b'',b'North America'
b'Angola',b'35',b'',b'2',b'',b'11',b'22',b'',b'1',b'0.06',"b'3,000'",b'91',b'Africa'
b'Zimbabwe',b'34',b'',b'4',b'',b'5',b'25',b'',b'2',b'0.3',"b'7,642'",b'514',b'Africa'
b'Antigua and Barbuda',b'25',b'',b'3',b'',b'15',b'7',b'1',b'255',b'31',b'151',"b'1,542'",b'North America'
b'Timor-Leste',b'24',b'',b'',b'',b'20',b'4',b'',b'18',b'',b'664',b'504',b'Asia'
b'Sao Tome and Principe',b'23',b'',b'3',b'',b'4',b'16',b'',b'105',b'14',b'175',b'799',b'Africa'
b'Botswana',b'23',b'',b'1',b'',b'8',b'14',b'',b'10',b'0.4',"b'8,636'","b'3,672'",b'Africa'
b'Grenada',b'21',b'',b'',b'',b'13',b'8',b'4',b'187',b'',"b'1,406'","b'12,495'",b'North America'
b'Laos',b'19',b'',b'',b'',b'9',b'10',b'',b'3',b'',"b'2,418'",b'332',b'Asia'
b'Belize',b'18',b'',b'2',b'',b'14',b'2',b'1',b'45',b'5',"b'1,043'","b'2,623'",b'North America'
b'Fiji',b'18',b'',b'',b'',b'14',b'4',b'',b'20',b'',"b'1,007'","b'1,123'",b'Australia/Oceania'
b'New Caledonia',b'18',b'',b'',b'',b'17',b'1',b'1',b'63',b'',"b'5,052'","b'17,695'",b'Australia/Oceania'
b'Saint Lucia',b'18',b'',b'',b'',b'15',b'3',b'',b'98',b'',b'446',"b'2,429'",b'North America'
b'Gambia',b'17',b'',b'1',b'',b'9',b'7',b'',b'7',b'0.4',b'401',b'166',b'Africa'
b'St. Vincent Grenadines',b'17',b'',b'',b'',b'9',b'8',b'',b'153',b'',b'137',"b'1,235'",b'North America'
b'Cura\xc3\xa7ao',b'16',b'',b'1',b'',b'13',b'2',b'',b'98',b'6',b'351',"b'2,139'",b'North America'
b'Dominica',b'16',b'',b'',b'',b'13',b'3',b'',b'222',b'',b'383',"b'5,320'",b'North America'
b'Namibia',b'16',b'',b'',b'',b'8',b'8',b'',b'6',b'',"b'1,122'",b'442',b'Africa'
b'Nicaragua',b'15',b'',b'5',b'',b'7',b'3',b'',b'2',b'0.8',b'',b'',b'North America'
b'Burundi',b'15',b'',b'1',b'',b'7',b'7',b'',b'1',b'0.08',b'284',b'24',b'Africa'
b'Saint Kitts and Nevis',b'15',b'',b'',b'',b'8',b'7',b'',b'282',b'',b'294',"b'5,526'",b'North America'
b'Falkland Islands',b'13',b'',b'',b'',b'13',b'0',b'',"b'3,736'",b'',b'388',"b'111,494'",b'South America'
b'Yemen',b'12',b'',b'2',b'',b'1',b'9',b'',b'0.4',b'0.07',b'120',b'4',b'Asia'
b'Turks and Caicos',b'12',b'',b'1',b'',b'6',b'5',b'',b'310',b'26',b'107',"b'2,764'",b'North America'
b'Montserrat',b'11',b'',b'1',b'',b'7',b'3',b'1',"b'2,204'",b'200',b'36',"b'7,212'",b'North America'
b'Greenland',b'11',b'',b'',b'',b'11',b'0',b'',b'194',b'',"b'1,294'","b'22,794'",b'North America'
b'Vatican City',b'11',b'',b'',b'',b'2',b'9',b'',"b'13,733'",b'',b'',b'',b'Europe'
b'Seychelles',b'11',b'',b'',b'',b'6',b'5',b'',b'112',b'',b'',b'',b'Africa'
b'Suriname',b'10',b'',b'1',b'',b'9',b'0',b'',b'17',b'2',b'404',b'689',b'South America'
b'MS Zaandam',b'9',b'',b'2',b'',b'',b'7',b'',b'',b'',b'',b'',b''
b'Mauritania',b'8',b'',b'1',b'',b'6',b'1',b'',b'2',b'0.2',"b'1,032'",b'222',b'Africa'
b'Papua New Guinea',b'8',b'',b'',b'',b'8',b'0',b'',b'0.9',b'',"b'2,402'",b'268',b'Australia/Oceania'
b'Bhutan',b'7',b'',b'',b'',b'5',b'2',b'',b'9',b'',"b'11,015'","b'14,275'",b'Asia'
b'British Virgin Islands',b'6',b'',b'1',b'',b'3',b'2',b'',b'198',b'33',b'',b'',b'North America'
b'Caribbean Netherlands',b'6',b'',b'',b'',b'',b'6',b'',b'229',b'',b'110',"b'4,195'",b'North America'
b'St. Barth',b'6',b'',b'',b'',b'6',b'0',b'',b'607',b'',b'',b'',b'North America'
b'Western Sahara',b'6',b'',b'',b'',b'5',b'1',b'',b'10',b'',b'',b'',b'Africa'
b'Anguilla',b'3',b'',b'',b'',b'3',b'0',b'',b'200',b'',b'',b'',b'North America'
b'Comoros',b'3',b'',b'',b'',b'',b'3',b'',b'3',b'',b'',b'',b'Africa'
b'Saint Pierre Miquelon',b'1',b'',b'',b'',b'',b'1',b'',b'173',b'',b'',b'',b'North America'
b'China',"b'82,881'",b'+1',"b'4,633'",b'',"b'77,853'",b'395',b'29',b'58',b'3',b'',b'',b'Asia'
b'Total:',"b'1,480,488'","b'+10,577'","b'142,273'",b'+130',"b'559,725'","b'778,490'","b'16,957'",b'',b'',b'',b'',b'Europe'
b'Total:',"b'574,305'","b'+1,466'","b'20,097'",b'+19',"b'305,482'","b'248,726'","b'5,290'",b'',b'',b'',b'',b'Asia'
b'Total:',"b'224,738'",b'+464',"b'11,298'",b'+30',"b'78,397'","b'135,043'","b'9,938'",b'',b'',b'',b'',b'South America'
b'Total:',"b'48,081'",b'+6',"b'1,848'",b'',"b'16,231'","b'30,002'",b'129',b'',b'',b'',b'',b'Africa'
b'Total:',"b'8,435'",b'+21',b'116',b'+1',"b'7,280'","b'1,039'",b'30',b'',b'',b'',b'',b'Australia/Oceania'
b'Total:',b'721',b'',b'15',b'',b'645',b'61',b'4',b'',b'',b'',b'',b''
